{
  "auc": 0.8149700598802395,
  "bias": 2.3686022758483887,
  "metrics": {
    "accuracy": 0.943502824858757,
    "fn": 0,
    "fp": 10,
    "precision": 0.943502824858757,
    "recall": 1.0,
    "tn": 0,
    "tp": 167
  },
  "test_size": 177,
  "total_samples": 589,
  "train_size": 412,
  "weight": -0.27755412459373474
}