{
  "auc": 0.528045574057844,
  "bias": 2.474721908569336,
  "metrics": {
    "accuracy": 0.9209039548022598,
    "fn": 0,
    "fp": 14,
    "precision": 0.9209039548022598,
    "recall": 1.0,
    "tn": 0,
    "tp": 163
  },
  "test_size": 177,
  "train_size": 412,
  "weight": 0.0
}